{"cameraMode":{"drawMode":0,"name":"Shaded","section":"Shading Mode"},"sceneLighting":false,"audioPlay":false,"sceneViewState":{"showFog":true,"showMaterialUpdate":false,"showSkybox":true,"showFlares":true,"showImageEffects":true,"showParticleSystems":true},"in2DMode":false,"pivot":{"x":-1.7827028036117554,"y":2.289992332458496,"z":-1.2348029613494874},"rotation":{"x":0.0038391447160393,"y":0.9347899556159973,"z":-0.3550640344619751,"w":0.010090265423059464},"size":29.63699722290039,"orthographic":false}