{"cameraMode":{"drawMode":0,"name":"Shaded","section":"Shading Mode"},"sceneLighting":false,"audioPlay":false,"sceneViewState":{"showFog":true,"showMaterialUpdate":false,"showSkybox":true,"showFlares":true,"showImageEffects":true,"showParticleSystems":true},"in2DMode":false,"pivot":{"x":0.0,"y":0.050000011920928958,"z":0.10000002384185791},"rotation":{"x":0.33629485964775088,"y":-0.05082114785909653,"z":0.018178047612309457,"w":0.940211832523346},"size":3.152320623397827,"orthographic":false}